timestamp,frame,face_detected,recentering,cx,cy,target_yaw_deg,target_pitch_deg,commanded_yaw_deg,commanded_pitch_deg
1787843775.3705127,1,0,0,,,,,0.0,0.0
1787843775.4120202,2,0,0,,,,,0.0,0.0
1787843775.4700508,3,0,0,,,,,0.0,0.0
1787843775.5383403,4,0,0,,,,,0.0,0.0
1787843775.6069016,5,0,0,,,,,0.0,0.0
1787843775.6723542,6,0,0,,,,,0.0,0.0
1787843775.7366958,7,0,0,,,,,0.0,0.0
1787843775.8071952,8,0,0,,,,,0.0,0.0
1787843775.871946,9,0,0,,,,,0.0,0.0
1787843775.9380174,10,0,0,,,,,0.0,0.0
1787843776.0077145,11,0,0,,,,,0.0,0.0
1787843776.0753424,12,0,0,,,,,0.0,0.0
1787843776.136714,13,0,0,,,,,0.0,0.0
1787843776.210986,14,0,0,,,,,0.0,0.0
1787843776.2711353,15,0,0,,,,,0.0,0.0
1787843776.3363373,16,0,0,,,,,0.0,0.0
1787843776.4065652,17,0,0,,,,,0.0,0.0
1787843776.469826,18,0,0,,,,,0.0,0.0
1787843776.5365303,19,0,0,,,,,0.0,0.0
1787843776.6066725,20,0,0,,,,,0.0,0.0
1787843776.6694238,21,0,0,,,,,0.0,0.0
1787843776.7372174,22,0,0,,,,,0.0,0.0
1787843776.8042967,23,0,0,,,,,0.0,0.0
1787843776.869143,24,0,0,,,,,0.0,0.0
1787843776.935518,25,0,0,,,,,0.0,0.0
1787843777.0029569,26,0,0,,,,,0.0,0.0
1787843777.0681663,27,0,0,,,,,0.0,0.0
1787843777.137263,28,0,0,,,,,0.0,0.0
1787843777.201713,29,0,0,,,,,0.0,0.0
1787843777.2700117,30,0,0,,,,,0.0,0.0
1787843777.3536654,31,0,1,,,,,0.0,0.0
1787843777.402476,32,0,1,,,,,0.0,0.0
1787843777.4663951,33,0,1,,,,,0.0,0.0
1787843777.546902,34,0,1,,,,,0.0,0.0
1787843777.6026568,35,0,1,,,,,0.0,0.0
1787843777.6705456,36,0,1,,,,,0.0,0.0
1787843777.7331183,37,0,1,,,,,0.0,0.0
1787843777.8027892,38,0,1,,,,,0.0,0.0
1787843777.868414,39,0,1,,,,,0.0,0.0
1787843777.9325936,40,0,1,,,,,0.0,0.0
1787843777.9996104,41,0,1,,,,,0.0,0.0
1787843778.0667384,42,0,1,,,,,0.0,0.0
1787843778.1321073,43,0,1,,,,,0.0,0.0
1787843778.1976428,44,0,1,,,,,0.0,0.0
1787843778.2685816,45,0,1,,,,,0.0,0.0
1787843778.3333747,46,1,0,0.6312175989151001,0.48293399810791016,-15.903488683633592,1.085391966641133,-5.0,1.085391966641133
1787843778.4006958,47,1,0,0.6234132647514343,0.47512954473495483,-14.957608397137427,1.5817525699384576,-10.0,1.5817525699384576
1787843778.4680073,48,1,0,0.6211044192314148,0.4593040645122528,-14.677777803501536,2.588247776640646,-14.677777803501536,2.588247776640646
1787843778.541086,49,1,0,0.6140696406364441,0.4452345371246338,-13.82516715750602,3.4830649750400693,-13.82516715750602,3.4830649750400693
1787843778.595333,50,0,0,,,,,-13.82516715750602,3.4830649750400693
1787843778.6663363,51,0,0,,,,,-13.82516715750602,3.4830649750400693
1787843778.7288363,52,0,0,,,,,-13.82516715750602,3.4830649750400693
1787843778.7967052,53,0,0,,,,,-13.82516715750602,3.4830649750400693
1787843778.8648162,54,1,0,0.48658210039138794,0.36536720395088196,1.6262408118118454,7.999957591981826,-8.82516715750602,7.999957591981826
1787843778.9305384,55,0,0,,,,,-8.82516715750602,7.999957591981826
1787843778.997226,56,1,0,0.5469347238540649,0.3693886399269104,-5.688458376422045,7.999957591981826,-5.688458376422045,7.999957591981826
1787843779.0625823,57,1,0,0.5555293560028076,0.3431895971298218,-6.7301222709577155,7.999957591981826,-6.7301222709577155,7.999957591981826
1787843779.1815722,58,1,0,0.5385314226150513,0.3480507731437683,-4.6699836652189655,7.999957591981826,-4.6699836652189655,7.999957591981826
1787843779.2018297,59,1,0,0.5469347238540649,0.33877721428871155,-5.688458376422045,7.999957591981826,-5.688458376422045,7.999957591981826
1787843779.2662332,60,1,0,0.5921956300735474,0.3248705267906189,-11.174051130929513,7.999957591981826,-10.688458376422046,7.999957591981826
1787843779.4071076,61,1,0,0.5827714800834656,0.31850987672805786,-10.03185020697339,7.999957591981826,-10.03185020697339,7.999957591981826
1787843779.4281135,62,1,0,0.5921956300735474,0.3248705267906189,-11.174051130929513,7.999957591981826,-11.174051130929513,7.999957591981826
1787843779.4743023,63,1,0,0.5987187623977661,0.31850987672805786,-11.964650577633146,7.999957591981826,-11.964650577633146,7.999957591981826
1787843779.557709,64,1,0,0.5925487875938416,0.3246796727180481,-11.216853595492003,7.999957591981826,-11.216853595492003,7.999957591981826
1787843779.6664896,65,1,0,0.6078044176101685,0.3248705267906189,-13.065826152011145,7.999957591981826,-13.065826152011145,7.999957591981826
1787843779.744695,66,1,0,0.6000000238418579,0.32662639021873474,-12.119938641470329,7.999957591981826,-12.119938641470329,7.999957591981826
1787843779.765128,67,1,0,0.6312175989151001,0.33267486095428467,-15.903488683633592,7.999957591981826,-15.903488683633592,7.999957591981826
1787843779.840241,68,1,0,0.6312175989151001,0.3404793441295624,-15.903488683633592,7.999957591981826,-15.903488683633592,7.999957591981826
1787843779.8804145,69,1,0,0.646826446056366,0.33267486095428467,-17.795270928759876,7.999957591981826,-17.795270928759876,7.999957591981826
1787843779.931108,70,0,0,,,,,-17.795270928759876,7.999957591981826
1787843780.0837429,71,0,0,,,,,-17.795270928759876,7.999957591981826
1787843780.1044939,72,0,0,,,,,-17.795270928759876,7.999957591981826
1787843780.175177,73,0,0,,,,,-17.795270928759876,7.999957591981826
1787843780.2219968,74,0,0,,,,,-17.795270928759876,7.999957591981826
1787843780.2698803,75,0,0,,,,,-17.795270928759876,7.999957591981826
1787843780.43276,76,0,0,,,,,-17.795270928759876,7.999957591981826
1787843780.4541416,77,0,0,,,,,-17.795270928759876,7.999957591981826
1787843780.4741912,78,0,0,,,,,-17.795270928759876,7.999957591981826
1787843780.5672338,79,0,0,,,,,-17.795270928759876,7.999957591981826
1787843780.5966246,80,0,0,,,,,-17.795270928759876,7.999957591981826
1787843780.6695657,81,0,0,,,,,-17.795270928759876,7.999957591981826
1787843780.7874053,82,1,0,0.6703479886054993,0.3406960070133209,-20.646066773559472,7.999957591981826,-20.646066773559472,7.999957591981826
1787843780.8084776,83,0,0,,,,,-20.646066773559472,7.999957591981826
1787843780.8649433,84,0,0,,,,,-20.646066773559472,7.999957591981826
1787843780.9472406,85,0,0,,,,,-20.646066773559472,7.999957591981826
1787843781.0954218,86,0,0,,,,,-20.646066773559472,7.999957591981826
1787843781.1166306,87,1,0,0.635174036026001,0.3195915222167969,-16.383006319537227,7.999957591981826,-16.383006319537227,7.999957591981826
1787843781.1364822,88,1,0,0.6156088709831238,0.3170660138130188,-14.011720886596612,7.999957591981826,-14.011720886596612,7.999957591981826
1787843781.2505047,89,1,0,0.6012812852859497,0.3185098469257355,-12.275226705307512,7.999957591981826,-12.275226705307512,7.999957591981826
1787843781.2711139,90,1,0,0.6136211156845093,0.3123399019241333,-13.770806221500491,7.999957591981826,-13.770806221500491,7.999957591981826
1787843781.4402604,91,1,0,0.6012812852859497,0.3061699867248535,-12.275226705307512,7.999957591981826,-12.275226705307512,7.999957591981826
1787843781.4614713,92,1,0,0.6000000238418579,0.29848718643188477,-12.119938641470329,7.999957591981826,-12.119938641470329,7.999957591981826
1787843781.481918,93,1,0,0.5765868425369263,0.29365289211273193,-9.282276109847881,7.999957591981826,-9.282276109847881,7.999957591981826
1787843781.6414835,94,1,0,0.5765868425369263,0.2858485281467438,-9.282276109847881,7.999957591981826,-9.282276109847881,7.999957591981826
1787843781.6604643,95,1,0,0.5216454863548279,0.29458868503570557,-2.623419039381132,7.999957591981826,-4.282276109847881,7.999957591981826
1787843781.72579,96,1,0,0.5493593215942383,0.30000004172325134,-5.982318064771921,7.999957591981826,-5.982318064771921,7.999957591981826
1787843781.8478765,97,1,0,0.5431894659996033,0.29383009672164917,-5.234535530720083,7.999957591981826,-5.234535530720083,7.999957591981826
1787843781.8680232,98,1,0,0.5843912959098816,0.30145737528800964,-10.228170844433349,7.999957591981826,-10.228170844433349,7.999957591981826
1787843781.9276814,99,1,0,0.6070348024368286,0.31255674362182617,-12.972549287465847,7.999957591981826,-12.972549287465847,7.999957591981826
1787843782.0508733,100,1,0,0.5859304666519165,0.30552196502685547,-10.414717349479291,7.999957591981826,-10.414717349479291,7.999957591981826
1787843782.1016622,101,1,0,0.5766015648841858,0.3061699867248535,-9.284060448876899,7.999957591981826,-9.284060448876899,7.999957591981826
1787843782.1271458,102,1,0,0.5212149620056152,0.313417911529541,-2.571239764860478,7.999957591981826,-4.284060448876899,7.999957591981826
1787843782.2607837,103,1,0,0.5308496356010437,0.30000004172325134,-3.738956014527102,7.999957591981826,-3.738956014527102,7.999957591981826
1787843782.2934575,104,1,0,0.5531736016273499,0.3092617392539978,-6.44460635418078,7.999957591981826,-6.44460635418078,7.999957591981826
1787843782.3312573,105,1,0,0.5431894659996033,0.3123399019241333,-5.234535530720083,7.999957591981826,-5.234535530720083,7.999957591981826
1787843782.3916519,106,1,0,0.5531736016273499,0.3248705267906189,-6.44460635418078,7.999957591981826,-6.44460635418078,7.999957591981826
1787843782.4584143,107,1,0,0.5577912926673889,0.3195915222167969,-7.004267541452563,7.999957591981826,-7.004267541452563,7.999957591981826
1787843782.527596,108,1,0,0.5531736016273499,0.3248705267906189,-6.44460635418078,7.999957591981826,-6.44460635418078,7.999957591981826
1787843782.5926635,109,1,0,0.5531736016273499,0.3248705267906189,-6.44460635418078,7.999957591981826,-6.44460635418078,7.999957591981826
1787843782.6580994,110,0,0,,,,,-6.44460635418078,7.999957591981826
1787843782.7257168,111,1,0,0.5531736016273499,0.3248705267906189,-6.44460635418078,7.999957591981826,-6.44460635418078,7.999957591981826
1787843782.792632,112,1,0,0.5298731327056885,0.32207611203193665,-3.6206044909950705,7.999957591981826,-3.6206044909950705,7.999957591981826
1787843782.8586478,113,1,0,0.5453692078590393,0.3170660138130188,-5.498718843639964,7.999957591981826,-5.498718843639964,7.999957591981826
1787843782.9246845,114,1,0,0.5580918192863464,0.3061699867248535,-7.040691174587429,7.999957591981826,-7.040691174587429,7.999957591981826
1787843782.990606,115,1,0,0.5431894659996033,0.3061699867248535,-5.234535530720083,7.999957591981826,-5.234535530720083,7.999957591981826
1787843783.0607023,116,1,0,0.5859304666519165,0.3055219352245331,-10.414717349479291,7.999957591981826,-10.234535530720082,7.999957591981826
1787843783.12643,117,1,0,0.5843912959098816,0.3092617392539978,-10.228170844433349,7.999957591981826,-10.228170844433349,7.999957591981826
1787843783.1888578,118,1,0,0.6078044176101685,0.3092617094516754,-13.065826152011145,7.999957591981826,-13.065826152011145,7.999957591981826
1787843783.258689,119,1,0,0.5987187623977661,0.3061699867248535,-11.964650577633146,7.999957591981826,-11.964650577633146,7.999957591981826
1787843783.3281083,120,1,0,0.6110586524009705,0.3185098469257355,-13.460237317870778,7.999957591981826,-13.460237317870778,7.999957591981826
1787843783.3902078,121,1,0,0.6078044176101685,0.3170660138130188,-13.065826152011145,7.999957591981826,-13.065826152011145,7.999957591981826
1787843783.4556997,122,1,0,0.6156088709831238,0.3170660138130188,-14.011720886596612,7.999957591981826,-14.011720886596612,7.999957591981826
1787843783.5371847,123,1,0,0.6156088709831238,0.3248705267906189,-14.011720886596612,7.999957591981826,-14.011720886596612,7.999957591981826
1787843783.5949953,124,1,0,0.6156088709831238,0.3248705267906189,-14.011720886596612,7.999957591981826,-14.011720886596612,7.999957591981826
1787843783.6580467,125,1,0,0.646826446056366,0.3248705267906189,-17.795270928759876,7.999957591981826,-17.795270928759876,7.999957591981826
1787843783.725055,126,0,0,,,,,-17.795270928759876,7.999957591981826
1787843783.7909927,127,0,0,,,,,-17.795270928759876,7.999957591981826
1787843783.8577037,128,1,0,0.6546308994293213,0.33267486095428467,-18.741165663345345,7.999957591981826,-18.741165663345345,7.999957591981826
1787843783.9258504,129,0,0,,,,,-18.741165663345345,7.999957591981826
1787843783.99058,130,0,0,,,,,-18.741165663345345,7.999957591981826
1787843784.0576162,131,0,0,,,,,-18.741165663345345,7.999957591981826
1787843784.1258922,132,0,0,,,,,-18.741165663345345,7.999957591981826
1787843784.193887,133,0,0,,,,,-18.741165663345345,7.999957591981826
1787843784.2592075,134,0,0,,,,,-18.741165663345345,7.999957591981826
1787843784.3261354,135,0,0,,,,,-18.741165663345345,7.999957591981826
1787843784.3896646,136,0,0,,,,,-18.741165663345345,7.999957591981826
1787843784.4565475,137,0,0,,,,,-18.741165663345345,7.999957591981826
1787843784.5260065,138,0,0,,,,,-18.741165663345345,7.999957591981826
1787843784.5899117,139,0,0,,,,,-18.741165663345345,7.999957591981826
1787843784.6578767,140,0,0,,,,,-18.741165663345345,7.999957591981826
1787843784.7397597,141,0,0,,,,,-18.741165663345345,7.999957591981826
1787843784.79007,142,0,0,,,,,-18.741165663345345,7.999957591981826
1787843784.8560402,143,0,0,,,,,-18.741165663345345,7.999957591981826
1787843784.928285,144,0,0,,,,,-18.741165663345345,7.999957591981826
1787843784.9892354,145,0,0,,,,,-18.741165663345345,7.999957591981826
1787843785.0552998,146,0,0,,,,,-18.741165663345345,7.999957591981826
1787843785.1301396,147,0,0,,,,,-18.741165663345345,7.999957591981826
1787843785.1916132,148,0,0,,,,,-18.741165663345345,7.999957591981826
1787843785.255527,149,0,0,,,,,-18.741165663345345,7.999957591981826
1787843785.3276162,150,0,0,,,,,-18.741165663345345,7.999957591981826
1787843785.3872526,151,0,0,,,,,-18.741165663345345,7.999957591981826
1787843785.454142,152,0,0,,,,,-18.741165663345345,7.999957591981826
1787843785.5296862,153,0,0,,,,,-18.741165663345345,7.999957591981826
1787843785.5872247,154,1,0,0.6422087550163269,0.3195915222167969,-17.235609741488094,7.999957591981826,-17.235609741488094,7.999957591981826
1787843785.6540892,155,1,0,0.6383008360862732,0.31850987672805786,-16.761972477931106,7.999957591981826,-16.761972477931106,7.999957591981826
1787843785.7250943,156,1,0,0.6156088709831238,0.3170660138130188,-14.011720886596612,7.999957591981826,-14.011720886596612,7.999957591981826
1787843785.7886565,157,1,0,0.6000000238418579,0.3170660138130188,-12.119938641470329,7.999957591981826,-12.119938641470329,7.999957591981826
1787843785.856655,158,1,0,0.5859304666519165,0.31255677342414856,-10.414717349479291,7.999957591981826,-10.414717349479291,7.999957591981826
1787843785.928397,159,1,0,0.6070348024368286,0.30552196502685547,-12.972549287465847,7.999957591981826,-12.972549287465847,7.999957591981826
1787843786.001138,160,1,0,0.5951113700866699,0.3061699867248535,-11.52743694721102,7.999957591981826,-11.52743694721102,7.999957591981826
1787843786.053622,161,1,0,0.6012812852859497,0.3061699867248535,-12.275226705307512,7.999957591981826,-12.275226705307512,7.999957591981826
1787843786.1257658,162,1,0,0.5577912926673889,0.30552196502685547,-7.004267541452563,7.999957591981826,-7.275226705307512,7.999957591981826
1787843786.185105,163,1,0,0.5843912959098816,0.3092617094516754,-10.228170844433349,7.999957591981826,-10.228170844433349,7.999957591981826
1787843786.2533545,164,1,0,0.5687824487686157,0.30145734548568726,-8.336388599307066,7.999957591981826,-8.336388599307066,7.999957591981826
1787843786.319562,165,1,0,0.5704317092895508,0.3061699867248535,-8.536277914825062,7.999957591981826,-8.536277914825062,7.999957591981826
1787843786.3874516,166,1,0,0.5704317092895508,0.3061699867248535,-8.536277914825062,7.999957591981826,-8.536277914825062,7.999957591981826
1787843786.45476,167,1,0,0.5375648140907288,0.3170660436153412,-4.552831333099149,7.999957591981826,-4.552831333099149,7.999957591981826
1787843786.5212169,168,1,0,0.5453692078590393,0.3092617392539978,-5.498718843639964,7.999957591981826,-5.498718843639964,7.999957591981826
1787843786.5872812,169,1,0,0.5453692078590393,0.3170660138130188,-5.498718843639964,7.999957591981826,-5.498718843639964,7.999957591981826
1787843786.6530242,170,0,0,,,,,-5.498718843639964,7.999957591981826
1787843786.7209802,171,1,0,0.5471895337104797,0.3307343125343323,-5.719341167308905,7.999957591981826,-5.719341167308905,7.999957591981826
1787843786.7877955,172,1,0,0.5298731327056885,0.3307343125343323,-3.6206044909950705,7.999957591981826,-3.6206044909950705,7.999957591981826
1787843786.8539836,173,1,0,0.5687824487686157,0.33267486095428467,-8.336388599307066,7.999957591981826,-8.336388599307066,7.999957591981826
1787843786.920767,174,1,0,0.5577912926673889,0.32662639021873474,-7.004267541452563,7.999957591981826,-7.004267541452563,7.999957591981826
1787843786.9874628,175,1,0,0.5308496356010437,0.31850987672805786,-3.738956014527102,7.999957591981826,-3.738956014527102,7.999957591981826
1787843787.0513802,176,1,0,0.5298731327056885,0.3307343125343323,-3.6206044909950705,7.999957591981826,-3.6206044909950705,7.999957591981826
1787843787.1198108,177,0,0,,,,,-3.6206044909950705,7.999957591981826
1787843787.1863055,178,0,0,,,,,-3.6206044909950705,7.999957591981826
1787843787.2543106,179,0,0,,,,,-3.6206044909950705,7.999957591981826
1787843787.3203592,180,0,0,,,,,-3.6206044909950705,7.999957591981826
1787843787.3863199,181,0,0,,,,,-3.6206044909950705,7.999957591981826
1787843787.453246,182,0,0,,,,,-3.6206044909950705,7.999957591981826
1787843787.5178993,183,0,0,,,,,-3.6206044909950705,7.999957591981826
1787843787.5868723,184,1,0,0.5453692078590393,0.34047937393188477,-5.498718843639964,7.999957591981826,-5.498718843639964,7.999957591981826
1787843787.6574192,185,1,0,0.5552308559417725,0.3293333053588867,-6.693944255341013,7.999957591981826,-6.693944255341013,7.999957591981826
1787843787.7188845,186,1,0,0.5385314226150513,0.3393925428390503,-4.6699836652189655,7.999957591981826,-4.6699836652189655,7.999957591981826
1787843787.7865024,187,1,0,0.5648260712623596,0.32662639021873474,-7.856878187448082,7.999957591981826,-7.856878187448082,7.999957591981826
1787843787.8525813,188,1,0,0.5718609094619751,0.3195915222167969,-8.709496057488252,7.999957591981826,-8.709496057488252,7.999957591981826
1787843787.9185786,189,0,0,,,,,-8.709496057488252,7.999957591981826
1787843787.9854844,190,0,0,,,,,-8.709496057488252,7.999957591981826
1787843788.0487025,191,0,0,,,,,-8.709496057488252,7.999957591981826
1787843788.119129,192,1,0,0.6000000238418579,0.27738282084465027,-12.119938641470329,7.999957591981826,-12.119938641470329,7.999957591981826
1787843788.186424,193,1,0,0.6183076500892639,0.2635824680328369,-14.338811180345216,7.999957591981826,-14.338811180345216,7.999957591981826
1787843788.2506588,194,1,0,0.6273626089096069,0.2590549886226654,-15.436266371727488,7.999957591981826,-15.436266371727488,7.999957591981826
1787843788.316306,195,1,0,0.6553570628166199,0.26071399450302124,-18.829176199339408,7.999957591981826,-18.829176199339408,7.999957591981826
1787843788.3855882,196,0,0,,,,,-18.829176199339408,7.999957591981826
1787843788.4622633,197,0,0,,,,,-18.829176199339408,7.999957591981826
1787843788.5148008,198,0,0,,,,,-18.829176199339408,7.999957591981826
1787843788.5864615,199,1,0,0.6312505602836609,0.2553569972515106,-15.907483580326092,7.999957591981826,-15.907483580326092,7.999957591981826
1787843788.6511626,200,1,0,0.6224398016929626,0.26810991764068604,-14.839625299882643,7.999957591981826,-14.839625299882643,7.999957591981826
1787843788.7171533,201,1,0,0.6348481774330139,0.2727277874946594,-16.343512467425306,7.999957591981826,-16.343512467425306,7.999957591981826
1787843788.8056664,202,1,0,0.6339290738105774,0.2767849862575531,-16.23211769889305,7.999957591981826,-16.23211769889305,7.999957591981826
1787843788.8491054,203,0,0,,,,,-16.23211769889305,7.999957591981826
1787843788.9166858,204,1,0,0.6272722482681274,0.2916676700115204,-15.42531472003521,7.999957591981826,-15.42531472003521,7.999957591981826
1787843788.9863336,205,1,0,0.619696319103241,0.29924362897872925,-14.507116972645118,7.999957591981826,-14.507116972645118,7.999957591981826
1787843789.0496402,206,1,0,0.619696319103241,0.30454444885253906,-14.507116972645118,7.999957591981826,-14.507116972645118,7.999957591981826
1787843789.1175618,207,0,0,,,,,-14.507116972645118,7.999957591981826
1787843789.1854858,208,1,0,0.608672559261322,0.31275543570518494,-13.171044362366029,7.999957591981826,-13.171044362366029,7.999957591981826
1787843789.2509043,209,1,0,0.5989803075790405,0.31581658124923706,-11.99634968556567,7.999957591981826,-11.99634968556567,7.999957591981826
1787843789.3156025,210,0,0,,,,,-11.99634968556567,7.999957591981826
1787843789.3842192,211,0,0,,,,,-11.99634968556567,7.999957591981826
1787843789.451507,212,1,0,0.6035720109939575,0.3219388425350189,-12.552861189369226,7.999957591981826,-12.552861189369226,7.999957591981826
1787843789.5143256,213,1,0,0.6051025986671448,0.32499998807907104,-12.738367431985294,7.999957591981826,-12.738367431985294,7.999957591981826
1787843789.5871687,214,0,0,,,,,-12.738367431985294,7.999957591981826
1787843789.6498272,215,1,0,0.608672559261322,0.3219388425350189,-13.171044362366029,7.999957591981826,-13.171044362366029,7.999957591981826
1787843789.7133412,216,1,0,0.608672559261322,0.3219388425350189,-13.171044362366029,7.999957591981826,-13.171044362366029,7.999957591981826
1787843789.7847378,217,1,0,0.597449779510498,0.32499998807907104,-11.810850666994254,7.999957591981826,-11.810850666994254,7.999957591981826
1787843789.8493192,218,1,0,0.6005108952522278,0.32806113362312317,-12.18185592818174,7.999957591981826,-12.18185592818174,7.999957591981826
1787843789.9147222,219,1,0,0.615816593170166,0.32806113362312317,-14.036896682208475,7.999957591981826,-14.036896682208475,7.999957591981826
1787843789.9860713,220,1,0,0.6142860054969788,0.32806113362312317,-13.851390439592405,7.999957591981826,-13.851390439592405,7.999957591981826
1787843790.0497255,221,0,0,,,,,-13.851390439592405,7.999957591981826
1787843790.1158366,222,1,0,0.6367357969284058,0.32806113362312317,-16.57229073750624,7.999957591981826,-16.57229073750624,7.999957591981826
1787843790.1836593,223,1,0,0.638775110244751,0.3341834247112274,-16.81945420122625,7.999957591981826,-16.81945420122625,7.999957591981826
1787843790.2468424,224,1,0,0.647958517074585,0.33724454045295715,-17.93247720883336,7.999957591981826,-17.93247720883336,7.999957591981826
1787843790.3165689,225,0,0,,,,,-17.93247720883336,7.999957591981826
1787843790.3860652,226,0,0,,,,,-17.93247720883336,7.999957591981826
1787843790.4476364,227,0,0,,,,,-17.93247720883336,7.999957591981826
1787843790.5132182,228,1,0,0.6673471927642822,0.3505108952522278,-20.28237224555971,7.999957591981826,-20.28237224555971,7.999957591981826
1787843790.585304,229,0,0,,,,,-20.28237224555971,7.999957591981826
1787843790.6481178,230,0,0,,,,,-20.28237224555971,7.999957591981826
1787843790.714587,231,1,0,0.679591715335846,0.3627554476261139,-21.766400514354306,7.999957591981826,-21.766400514354306,7.999957591981826
1787843790.7843275,232,1,0,0.679591715335846,0.365816593170166,-21.766400514354306,7.999957591981826,-21.766400514354306,7.999957591981826
1787843790.8458502,233,0,0,,,,,-21.766400514354306,7.999957591981826
1787843790.9119208,234,0,0,,,,,-21.766400514354306,7.999957591981826
1787843790.985135,235,0,0,,,,,-21.766400514354306,7.999957591981826
1787843791.0481331,236,0,0,,,,,-21.766400514354306,7.999957591981826
1787843791.11304,237,0,0,,,,,-21.766400514354306,7.999957591981826
1787843791.1815186,238,0,0,,,,,-21.766400514354306,7.999957591981826
1787843791.2475498,239,0,0,,,,,-21.766400514354306,7.999957591981826
1787843791.314633,240,0,0,,,,,-21.766400514354306,7.999957591981826
1787843791.3786297,241,0,0,,,,,-21.766400514354306,7.999957591981826
1787843791.4476838,242,0,0,,,,,-21.766400514354306,7.999957591981826
1787843791.5156121,243,0,0,,,,,-21.766400514354306,7.999957591981826
1787843791.5811374,244,0,0,,,,,-21.766400514354306,7.999957591981826
1787843791.6467957,245,0,0,,,,,-21.766400514354306,7.999957591981826
1787843791.716335,246,0,0,,,,,-21.766400514354306,7.999957591981826
1787843791.7788415,247,1,0,0.6918362975120544,0.375,-23.250436007193553,7.94995785703194,-23.250436007193553,7.94995785703194
1787843791.8491426,248,0,0,,,,,-23.250436007193553,7.94995785703194
1787843791.9112551,249,1,0,0.670408308506012,0.365816593170166,-20.653377506747194,7.999957591981826,-20.653377506747194,7.999957591981826
1787843791.9844515,250,0,0,,,,,-20.653377506747194,7.999957591981826
1787843792.0470202,251,0,0,,,,,-20.653377506747194,7.999957591981826
1787843792.1123884,252,0,0,,,,,-20.653377506747194,7.999957591981826
1787843792.1801653,253,0,0,,,,,-20.653377506747194,7.999957591981826
1787843792.2468011,254,1,0,0.6071419715881348,0.32806113362312317,-12.98553811974996,7.999957591981826,-15.653377506747193,7.999957591981826
1787843792.3132088,255,0,0,,,,,-15.653377506747193,7.999957591981826
1787843792.376055,256,1,0,0.5872445702552795,0.31581658124923706,-10.57398586191967,7.999957591981826,-10.653377506747193,7.999957591981826
1787843792.4445305,257,1,0,0.5780611038208008,0.3096942901611328,-9.460955630267907,7.999957591981826,-9.460955630267907,7.999957591981826
1787843792.5113857,258,0,0,,,,,-9.460955630267907,7.999957591981826
1787843792.5747893,259,1,0,0.5658165812492371,0.31275543570518494,-7.97692736147331,7.999957591981826,-7.97692736147331,7.999957591981826
1787843792.643507,260,1,0,0.608672559261322,0.32806113362312317,-13.171044362366029,7.999957591981826,-12.976927361473308,7.999957591981826
1787843792.7097616,261,1,0,0.592858076095581,0.32806113362312317,-11.254339163190698,7.999957591981826,-11.254339163190698,7.999957591981826
1787843792.7856598,262,1,0,0.5903056859970093,0.32806113362312317,-10.944991123107155,7.999957591981826,-10.944991123107155,7.999957591981826
1787843792.8437555,263,1,0,0.5826528668403625,0.32806113362312317,-10.017474358116115,7.999957591981826,-10.017474358116115,7.999957591981826
1787843792.9115822,264,1,0,0.5647947788238525,0.32499998807907104,-7.853085564005837,7.999957591981826,-7.853085564005837,7.999957591981826
1787843792.9774613,265,1,0,0.5596942901611328,0.32806113362312317,-7.234909615053685,7.999957591981826,-7.234909615053685,7.999957591981826
1787843793.0435627,266,1,0,0.5525502562522888,0.32806113362312317,-6.369057295211239,7.999957591981826,-6.369057295211239,7.999957591981826
1787843793.109144,267,1,0,0.5433667898178101,0.32806113362312317,-5.256027063559477,7.999957591981826,-5.256027063559477,7.999957591981826
1787843793.1756773,268,1,0,0.5372445583343506,0.3341834247112274,-4.514016541184505,7.999957591981826,-4.514016541184505,7.999957591981826
1787843793.2463765,269,1,0,0.5310602188110352,0.33484816551208496,-3.764478564282255,7.999957591981826,-3.764478564282255,7.999957591981826
1787843793.3117843,270,1,0,0.534848153591156,0.33484816551208496,-4.223573825954976,7.999957591981826,-4.223573825954976,7.999957591981826
1787843793.374101,271,1,0,0.534848153591156,0.3424241244792938,-4.223573825954976,7.999957591981826,-4.223573825954976,7.999957591981826
1787843793.4513624,272,1,0,0.5310602188110352,0.3500000238418579,-3.764478564282255,7.999957591981826,-3.764478564282255,7.999957591981826
1787843793.5114393,273,1,0,0.5234842300415039,0.3500000238418579,-2.84627359284751,7.999957591981826,-2.84627359284751,7.999957591981826
1787843793.5770905,274,0,0,,,,,-2.84627359284751,7.999957591981826
1787843793.6443682,275,0,0,,,,,-2.84627359284751,7.999957591981826
1787843793.7105217,276,0,0,,,,,-2.84627359284751,7.999957591981826
1787843793.7799594,277,1,0,0.5071420073509216,0.365816593170166,-0.865606702324282,7.999957591981826,-0.865606702324282,7.999957591981826
1787843793.8455637,278,1,0,0.5071420073509216,0.365816593170166,-0.865606702324282,7.999957591981826,-0.865606702324282,7.999957591981826
1787843793.9099822,279,1,0,0.5086725950241089,0.365816593170166,-1.0511129449403511,7.999957591981826,-1.0511129449403511,7.999957591981826
1787843793.9746618,280,0,0,,,,,-1.0511129449403511,7.999957591981826
1787843794.1468694,281,0,0,,,,,-1.0511129449403511,7.999957591981826
1787843794.1672423,282,0,0,,,,,-1.0511129449403511,7.999957591981826
1787843794.1874998,283,0,0,,,,,-1.0511129449403511,7.999957591981826
1787843794.2458425,284,0,0,,,,,-1.0511129449403511,7.999957591981826
1787843794.381469,285,1,0,0.5424240827560425,0.37272781133651733,-5.14177157334507,7.999957591981826,-5.14177157334507,7.999957591981826
1787843794.425324,286,1,0,0.5525502562522888,0.36887773871421814,-6.369057295211239,7.999957591981826,-6.369057295211239,7.999957591981826
1787843794.4445617,287,1,0,0.5556113719940186,0.365816593170166,-6.740062556398725,7.999957591981826,-6.740062556398725,7.999957591981826
1787843794.5191865,288,0,0,,,,,-6.740062556398725,7.999957591981826
1787843794.5905032,289,1,0,0.5719388723373413,0.35969430208206177,-8.718945107892933,7.999957591981826,-8.718945107892933,7.999957591981826
1787843794.6482353,290,1,0,0.5727277994155884,0.36136394739151,-8.814562562905447,7.999957591981826,-8.814562562905447,7.999957591981826
1787843794.7540312,291,1,0,0.5916677117347717,0.35378798842430115,-11.11006776744766,7.999957591981826,-11.11006776744766,7.999957591981826
1787843794.7744756,292,0,0,,,,,-11.11006776744766,7.999957591981826
1787843794.847012,293,1,0,0.6083323955535889,0.3500000238418579,-13.12981673953765,7.999957591981826,-13.12981673953765,7.999957591981826
1787843794.959195,294,0,0,,,,,-13.12981673953765,7.999957591981826
1787843794.980582,295,0,0,,,,,-13.12981673953765,7.999957591981826
1787843795.046155,296,1,0,0.6005108952522278,0.3341834247112274,-12.18185592818174,7.999957591981826,-12.18185592818174,7.999957591981826
1787843795.1105106,297,0,0,,,,,-12.18185592818174,7.999957591981826
1787843795.1775148,298,1,0,0.6117336750030518,0.3311222791671753,-13.542049623553515,7.999957591981826,-13.542049623553515,7.999957591981826
1787843795.3120518,299,0,0,,,,,-13.542049623553515,7.999957591981826
1787843795.3329198,300,1,0,0.634183406829834,0.3341834247112274,-16.262942697422694,7.999957591981826,-16.262942697422694,7.999957591981826
1787843795.3754954,301,0,0,,,,,-16.262942697422694,7.999957591981826
1787843795.4443607,302,0,0,,,,,-16.262942697422694,7.999957591981826
1787843795.5057168,303,0,0,,,,,-16.262942697422694,7.999957591981826
1787843795.5726552,304,0,0,,,,,-16.262942697422694,7.999957591981826
1787843795.6456523,305,0,0,,,,,-16.262942697422694,7.999957591981826
1787843795.787549,306,0,0,,,,,-16.262942697422694,7.999957591981826
1787843795.8074844,307,0,0,,,,,-16.262942697422694,7.999957591981826
1787843795.8451788,308,0,0,,,,,-16.262942697422694,7.999957591981826
1787843796.0651004,309,0,0,,,,,-16.262942697422694,7.999957591981826
1787843796.0858486,310,0,0,,,,,-16.262942697422694,7.999957591981826
1787843796.1227107,311,1,0,0.7121203541755676,0.36515188217163086,-25.7088506426807,7.999957591981826,-21.262942697422694,7.999957591981826
1787843796.172671,312,0,0,,,,,-21.262942697422694,7.999957591981826
1787843796.2401137,313,0,0,,,,,-21.262942697422694,7.999957591981826
1787843796.3346555,314,0,0,,,,,-21.262942697422694,7.999957591981826
1787843796.3724544,315,0,0,,,,,-21.262942697422694,7.999957591981826
1787843796.4410489,316,0,0,,,,,-21.262942697422694,7.999957591981826
1787843796.5566628,317,0,0,,,,,-21.262942697422694,7.999957591981826
1787843796.5775394,318,0,0,,,,,-21.262942697422694,7.999957591981826
1787843796.6396053,319,0,0,,,,,-21.262942697422694,7.999957591981826
1787843796.796795,320,1,0,0.6826528906822205,0.365816593170166,-22.13741299958644,7.999957591981826,-22.13741299958644,7.999957591981826
1787843796.839826,321,0,0,,,,,-22.13741299958644,7.999957591981826
1787843796.8600154,322,0,0,,,,,-22.13741299958644,7.999957591981826
1787843796.9064302,323,0,0,,,,,-22.13741299958644,7.999957591981826
1787843796.9740658,324,0,0,,,,,-22.13741299958644,7.999957591981826
1787843797.0385888,325,0,0,,,,,-22.13741299958644,7.999957591981826
1787843797.12635,326,0,0,,,,,-22.13741299958644,7.999957591981826
1787843797.179596,327,0,0,,,,,-22.13741299958644,7.999957591981826
1787843797.2385075,328,1,0,0.6117336750030518,0.3219388425350189,-13.542049623553515,7.999957591981826,-17.13741299958644,7.999957591981826
1787843797.4106498,329,0,0,,,,,-17.13741299958644,7.999957591981826
1787843797.4315896,330,0,0,,,,,-17.13741299958644,7.999957591981826
1787843797.4683795,331,0,0,,,,,-17.13741299958644,7.999957591981826
1787843797.504689,332,1,0,0.5651518702507019,0.2916676700115204,-7.896364815515353,7.999957591981826,-12.13741299958644,7.999957591981826
1787843797.5715623,333,1,0,0.550000011920929,0.28787967562675476,-6.059969320735164,7.999957591981826,-7.137412999586441,7.999957591981826
1787843797.6394117,334,1,0,0.5433667898178101,0.2872445285320282,-5.256027063559477,7.999957591981826,-5.256027063559477,7.999957591981826
1787843797.718607,335,1,0,0.5272722244262695,0.28787967562675476,-3.305376078564883,7.999957591981826,-3.305376078564883,7.999957591981826
1787843797.7714605,336,1,0,0.5272722244262695,0.28787967562675476,-3.305376078564883,7.999957591981826,-3.305376078564883,7.999957591981826
1787843797.8348093,337,1,0,0.5857139825820923,0.32806113362312317,-10.3884796193036,7.999957591981826,-8.305376078564882,7.999957591981826
1787843797.9032724,338,1,0,0.593366801738739,0.33724454045295715,-11.31599638429464,7.999957591981826,-11.31599638429464,7.999957591981826
1787843797.971553,339,1,0,0.5688776969909668,0.3311222791671753,-8.347932622660796,7.999957591981826,-8.347932622660796,7.999957591981826
1787843798.0405767,340,1,0,0.5551025867462158,0.3311222791671753,-6.6783981112501305,7.999957591981826,-6.6783981112501305,7.999957591981826
1787843798.105573,341,1,0,0.5525502562522888,0.32806113362312317,-6.369057295211239,7.999957591981826,-6.369057295211239,7.999957591981826
1787843798.2304215,342,1,0,0.5341833829879761,0.32499998807907104,-4.143004055952367,7.999957591981826,-4.143004055952367,7.999957591981826
1787843798.2513835,343,1,0,0.5310602188110352,0.32348427176475525,-3.764478564282255,7.999957591981826,-3.764478564282255,7.999957591981826
1787843798.30607,344,1,0,0.5188776850700378,0.3311222791671753,-2.287963301925632,7.999957591981826,-2.287963301925632,7.999957591981826
1787843798.4676359,345,1,0,0.5159083008766174,0.3310602009296417,-1.9280758454574158,7.999957591981826,-1.9280758454574158,7.999957591981826
1787843798.5079694,346,1,0,0.5196962952613831,0.33484816551208496,-2.3871783311747885,7.999957591981826,-2.3871783311747885,7.999957591981826
1787843798.5701754,347,1,0,0.5310602188110352,0.33484816551208496,-3.764478564282255,7.999957591981826,-3.764478564282255,7.999957591981826
1787843798.7144177,348,1,0,0.534848153591156,0.3386361300945282,-4.223573825954976,7.999957591981826,-4.223573825954976,7.999957591981826
1787843798.7346785,349,1,0,0.550000011920929,0.33484816551208496,-6.059969320735164,7.999957591981826,-6.059969320735164,7.999957591981826
1787843798.7711818,350,1,0,0.550000011920929,0.3310602009296417,-6.059969320735164,7.999957591981826,-6.059969320735164,7.999957591981826
1787843798.8378587,351,1,0,0.561363935470581,0.3272722363471985,-7.437269553842631,7.999957591981826,-7.437269553842631,7.999957591981826
1787843798.9067543,352,1,0,0.5840917229652405,0.32348427176475525,-10.191862796012913,7.999957591981826,-10.191862796012913,7.999957591981826
1787843799.0513942,353,1,0,0.6007564663887024,0.3196962773799896,-12.211618992147557,7.999957591981826,-12.211618992147557,7.999957591981826
1787843799.07165,354,1,0,0.6159083247184753,0.31212034821510315,-14.048014486927745,7.999957591981826,-14.048014486927745,7.999957591981826
1787843799.102379,355,1,0,0.619696319103241,0.31212034821510315,-14.507116972645118,7.999957591981826,-14.507116972645118,7.999957591981826
1787843799.3020933,356,0,0,,,,,-14.507116972645118,7.999957591981826
1787843799.323425,357,1,0,0.6083323955535889,0.31212034821510315,-13.12981673953765,7.999957591981826,-13.12981673953765,7.999957591981826
1787843799.370259,358,0,0,,,,,-13.12981673953765,7.999957591981826
1787843799.4404929,359,1,0,0.6446430683135986,0.31964099407196045,-17.53064694911623,7.999957591981826,-17.53064694911623,7.999957591981826
1787843799.504196,360,1,0,0.6386361718177795,0.33484816551208496,-16.80261495314268,7.999957591981826,-16.80261495314268,7.999957591981826
1787843799.5692563,361,1,0,0.6771649718284607,0.3318901062011719,-21.472280760396963,7.999957591981826,-21.472280760396963,7.999957591981826
1787843799.6422005,362,0,0,,,,,-21.472280760396963,7.999957591981826
1787843799.7058792,363,0,0,,,,,-21.472280760396963,7.999957591981826
1787843799.7661045,364,0,0,,,,,-21.472280760396963,7.999957591981826
1787843799.833281,365,0,0,,,,,-21.472280760396963,7.999957591981826
1787843799.9057212,366,0,0,,,,,-21.472280760396963,7.999957591981826
1787843799.9693248,367,0,0,,,,,-21.472280760396963,7.999957591981826
1787843800.035327,368,0,0,,,,,-21.472280760396963,7.999957591981826
1787843800.1082692,369,0,0,,,,,-21.472280760396963,7.999957591981826
1787843800.171309,370,0,0,,,,,-21.472280760396963,7.999957591981826
1787843800.2365756,371,0,0,,,,,-21.472280760396963,7.999957591981826
1787843800.3078494,372,0,0,,,,,-21.472280760396963,7.999957591981826
1787843800.3707688,373,0,0,,,,,-21.472280760396963,7.999957591981826
1787843800.4367952,374,1,0,0.645472526550293,0.2594502866268158,-17.63117675449203,7.999957591981826,-17.63117675449203,7.999957591981826
1787843800.5071905,375,0,0,,,,,-17.63117675449203,7.999957591981826
1787843800.568496,376,0,0,,,,,-17.63117675449203,7.999957591981826
1787843800.6353552,377,0,0,,,,,-17.63117675449203,7.999957591981826
1787843800.7088432,378,0,0,,,,,-17.63117675449203,7.999957591981826
1787843800.77141,379,0,0,,,,,-17.63117675449203,7.999957591981826
1787843800.8344612,380,0,0,,,,,-17.63117675449203,7.999957591981826
1787843800.9081876,381,0,0,,,,,-17.63117675449203,7.999957591981826
