timestamp,frame,face_detected,face_score,face_latency_ms,emotion_latency_ms,total_latency_ms,predicted_emotion,pipeline_fps
1787848356.8047032,1,1,0.69140625,23.28014373779297,16.50524139404297,63.671112060546875,neutral,15.705709663890719
1787848356.8782105,2,1,0.69140625,9.421586990356445,15.759468078613281,38.44261169433594,neutral,19.586005939817323
1787848356.9131787,3,1,0.69140625,9.27281379699707,14.303922653198242,34.4996452331543,neutral,21.95978345474155
1787848356.9679282,4,1,0.5,9.263753890991211,14.75071907043457,35.65049171447754,neutral,23.220192463395833
1787848357.0707679,5,1,0.5,9.447336196899414,15.229940414428711,37.01210021972656,neutral,23.89189841951224
1787848357.1052392,6,1,0.5,9.369373321533203,13.854026794433594,34.062862396240234,neutral,24.656977946125803
1787848357.1684954,7,1,0.5,9.215831756591797,14.72926139831543,35.50910949707031,neutral,25.103288123101336
1787848357.2503796,8,1,0.5,8.574962615966797,15.758037567138672,40.16423225402832,neutral,25.077413578429248
1787848357.2972004,9,1,0.69140625,8.756399154663086,14.111518859863281,34.61456298828125,neutral,25.450564920328638
1787848357.369583,10,1,0.5,8.97979736328125,14.493703842163086,35.4306697845459,neutral,25.703148315536286
1787848357.4303498,11,1,0.5,9.03177261352539,14.1754150390625,34.30962562561035,neutral,25.982184228458156
1787848357.5112376,12,1,0.5,9.060859680175781,14.406204223632812,34.508466720581055,neutral,26.20799815045179
1787848357.5662282,13,1,0.5,8.94474983215332,13.870716094970703,34.0576171875,neutral,26.426357171486494
1787848357.628999,14,1,0.5,8.968353271484375,14.364242553710938,35.0344181060791,neutral,26.56710199967244
1787848357.6961696,15,1,0.5,8.881330490112305,14.120817184448242,34.416913986206055,neutral,26.71965759187163
1787848357.8798087,16,1,0.5,9.235382080078125,14.935970306396484,36.74626350402832,neutral,26.750006178395388
1787848357.9152546,17,1,0.5,9.182214736938477,14.569997787475586,35.01319885253906,neutral,26.850136202843956
1787848357.9497106,18,1,0.5,8.86392593383789,14.069318771362305,33.968210220336914,neutral,26.981971508228348
1787848357.9830983,19,1,0.5,8.788824081420898,13.705730438232422,32.958269119262695,neutral,27.140128351657932
1787848358.1188698,20,1,0.5,9.279489517211914,15.06185531616211,37.56523132324219,neutral,27.11365837197967
1787848358.15381,21,1,0.5,9.012699127197266,14.27602767944336,34.43717956542969,neutral,27.199507891157975
1787848358.188194,22,1,0.69140625,8.990287780761719,14.196157455444336,33.93435478210449,neutral,27.295043333523633
1787848358.3531322,23,1,0.69140625,9.010791778564453,14.756202697753906,38.0401611328125,neutral,27.249657433737333
1787848358.3883364,24,1,0.69140625,9.161710739135742,14.163970947265625,34.65628623962402,neutral,27.31296441508052
1787848358.4234655,25,1,0.69140625,9.133338928222656,14.373779296875,34.58809852600098,neutral,27.373510784016073
1787848358.455969,26,1,0.69140625,9.11092758178711,13.315439224243164,31.983375549316406,neutral,27.50522136083017
1787848358.496922,27,1,0.83203125,9.238481521606445,14.611482620239258,34.50751304626465,neutral,27.557134117823406
1787848358.5622716,28,1,0.69140625,9.259939193725586,13.976097106933594,34.38377380371094,neutral,27.60888276196705
1787848358.7011702,29,1,0.69140625,9.386777877807617,15.099287033081055,36.68832778930664,neutral,27.59658444814915
1787848358.7363486,30,1,0.69140625,9.334087371826172,14.143228530883789,34.61170196533203,neutral,27.637889498626773
1787848358.787216,31,1,0.83203125,8.944034576416016,14.307498931884766,34.554243087768555,neutral,28.3996911514809
1787848358.9443235,32,1,0.69140625,9.080648422241211,15.567779541015625,37.28008270263672,neutral,28.43097988487892
1787848358.9798498,33,1,0.69140625,9.00888442993164,14.290094375610352,34.99007225036621,neutral,28.417771947987188
1787848359.0138566,34,1,0.69140625,8.860349655151367,13.668298721313477,33.51473808288574,neutral,28.47538083231158
1787848359.0468915,35,1,0.69140625,8.992671966552734,13.96036148071289,32.58824348449707,neutral,28.595454102304856
1787848359.0925817,36,1,0.69140625,8.555173873901367,12.814044952392578,31.433582305908203,neutral,28.667299570705154
1787848359.1707242,37,1,0.69140625,9.22250747680664,15.372753143310547,36.69095039367676,neutral,28.634960976258053
1787848359.2292917,38,1,0.69140625,9.093284606933594,14.874935150146484,35.74252128601074,neutral,28.756327556126994
1787848359.295405,39,1,0.69140625,9.325504302978516,15.031576156616211,36.09108924865723,neutral,28.7156857934752
1787848359.3638434,40,1,0.69140625,8.857011795043945,14.796972274780273,35.604000091552734,neutral,28.710922365652344
1787848359.4302585,41,1,0.69140625,9.007930755615234,14.973878860473633,35.67194938659668,neutral,28.673538215852204
1787848359.502356,42,1,0.69140625,9.257078170776367,15.34271240234375,36.930084228515625,neutral,28.607325281636232
1787848359.5600715,43,1,0.69140625,9.008646011352539,13.840913772583008,34.708499908447266,neutral,28.589580668827733
1787848359.6272342,44,1,0.69140625,8.910894393920898,14.10055160522461,34.51728820800781,neutral,28.60367706329588
1787848359.6947677,45,1,0.69140625,9.090900421142578,14.659881591796875,34.69991683959961,neutral,28.595960993954648
1787848359.7632334,46,1,0.69140625,8.784294128417969,15.010833740234375,36.786556243896484,neutral,28.594862751425435
1787848359.8266413,47,1,0.69140625,9.066343307495117,14.418840408325195,34.95430946350098,neutral,28.59646790357539
1787848359.8934414,48,1,0.69140625,8.567333221435547,14.487981796264648,34.16848182678223,neutral,28.591009822079194
1787848359.9605389,49,1,0.69140625,9.10806655883789,14.707088470458984,34.8658561706543,neutral,28.539125843387758
1787848360.0274494,50,1,0.69140625,8.736371994018555,15.194177627563477,35.83264350891113,neutral,28.58624220392995
1787848360.0940616,51,1,0.83203125,9.107112884521484,14.672994613647461,34.839630126953125,neutral,28.57528401187712
1787848360.1633742,52,1,0.69140625,8.901596069335938,14.307022094726562,34.891605377197266,neutral,28.549253081153687
1787848360.2308788,53,1,0.83203125,8.885622024536133,14.690160751342773,34.603118896484375,neutral,28.64293935111668
1787848360.2945511,54,1,0.69140625,9.003877639770508,14.974355697631836,36.21721267700195,neutral,28.600315803518114
1787848360.366457,55,1,0.69140625,9.173154830932617,14.58287239074707,35.83669662475586,neutral,28.566312084431377
1787848360.4289541,56,1,0.69140625,9.113788604736328,14.21046257019043,34.90900993347168,neutral,28.48695257657832
1787848360.4968467,57,1,0.69140625,9.070396423339844,14.7552490234375,35.57419776916504,neutral,28.458127721187555
1787848360.559174,58,1,0.69140625,9.380817413330078,14.340639114379883,35.782814025878906,neutral,28.420409985858583
1787848360.627175,59,1,0.69140625,9.061336517333984,14.481782913208008,34.73472595214844,neutral,28.473106269490117
1787848360.692754,60,1,0.69140625,8.865833282470703,14.573812484741211,34.978389739990234,neutral,28.463200373690977
1787848360.7607622,61,1,0.69140625,8.692741394042969,15.648365020751953,36.17286682128906,neutral,28.419556260635105
1787848360.8298132,62,1,0.69140625,8.615732192993164,15.741825103759766,38.22183609008789,neutral,28.394224624416452
1787848360.8957462,63,1,0.69140625,9.084224700927734,15.189170837402344,36.14640235900879,neutral,28.363182920028475
1787848360.9612956,64,1,0.5,9.25755500793457,15.224933624267578,36.29922866821289,neutral,28.288710987530894
1787848361.029114,65,1,0.5,9.15074348449707,15.146970748901367,36.01837158203125,neutral,28.197507182201587
1787848361.075128,66,0,,9.046316146850586,,19.239425659179688,,28.524439878366206
1787848361.1605892,67,1,0.5,9.149789810180664,15.332937240600586,37.17970848083496,neutral,28.511190204933968
1787848361.2289662,68,1,0.5,9.11259651184082,14.793634414672852,35.863637924194336,neutral,28.507908774053927
1787848361.2771585,69,0,,9.37032699584961,,19.45948600769043,,28.965694414966226
1787848361.342165,70,0,,8.926868438720703,,19.444704055786133,,29.424785041824737
1787848361.412711,71,0,,9.17506217956543,,19.2568302154541,,29.90628758960006
1787848361.4754002,72,0,,9.236812591552734,,18.990516662597656,,30.450856359186613
1787848361.544059,73,0,,9.295225143432617,,18.87345314025879,,30.948288965528437
1787848361.6140225,74,0,,9.298086166381836,,18.72396469116211,,31.46086653878542
1787848361.6763692,75,0,,9.180307388305664,,18.958568572998047,,31.988936118285913
1787848361.7432463,76,0,,9.438753128051758,,19.143104553222656,,32.60228867957087
1787848361.812426,77,0,,9.340524673461914,,19.05345916748047,,33.1755670245793
1787848361.8930933,78,1,0.5,9.183883666992188,15.455245971679688,36.218881607055664,neutral,33.10051362318078
1787848361.9486277,79,0,,9.316444396972656,,19.036293029785156,,33.6889091415841
1787848362.0126274,80,0,,9.305000305175781,,18.49985122680664,,34.35764971608254
1787848362.0945199,81,1,0.5,8.768320083618164,15.180110931396484,35.794734954833984,neutral,34.32010905704821
1787848362.1577826,82,1,0.5,9.427785873413086,14.600515365600586,35.77923774719238,neutral,34.28529389566005
1787848362.2284222,83,1,0.5,9.079933166503906,14.808416366577148,35.55464744567871,neutral,34.24805092578983
1787848362.2941825,84,1,0.5,9.160757064819336,15.637874603271484,37.08648681640625,neutral,34.21409805807872
1787848362.3614378,85,1,0.69140625,9.373188018798828,15.895843505859375,38.95235061645508,neutral,34.09295522934806
1787848362.4278717,86,1,0.5,9.567737579345703,14.533042907714844,36.218881607055664,neutral,34.04228057550064
1787848362.4933963,87,1,0.5,9.44375991821289,15.671253204345703,37.09840774536133,neutral,33.98350318001714
1787848362.5598853,88,1,0.5,9.545087814331055,14.726638793945312,36.37337684631348,neutral,33.960784102042304
1787848362.6294034,89,1,0.5,9.15074348449707,14.81318473815918,35.56656837463379,neutral,33.92883442596826
1787848362.708229,90,1,0.5,9.435653686523438,14.563322067260742,36.063194274902344,neutral,33.887259104016
1787848362.767399,91,1,0.5,8.996009826660156,14.195680618286133,34.8353385925293,neutral,33.93853476101122
1787848362.830222,92,1,0.5,9.216547012329102,14.712095260620117,35.89367866516113,neutral,34.02815841012236
1787848362.8900762,93,1,0.5,9.21773910522461,14.612913131713867,34.964799880981445,neutral,34.073826146719675
1787848362.9573016,94,1,0.5,9.776115417480469,15.007495880126953,36.20767593383789,neutral,34.07736968422626
1787848363.031018,95,1,0.5,9.600639343261719,15.639781951904297,36.83280944824219,neutral,34.04587282561346
1787848363.0918846,96,1,0.69140625,9.15837287902832,15.839099884033203,36.67092323303223,neutral,33.3854304994212
1787848363.1571002,97,1,0.5,9.438276290893555,14.481782913208008,35.9346866607666,neutral,33.431750847091514
1787848363.2287176,98,1,0.5,9.087562561035156,15.116453170776367,35.869598388671875,neutral,33.43152878511159
1787848363.2882483,99,1,0.5,9.374141693115234,14.653921127319336,35.18795967102051,neutral,32.85564928940643
1787848363.3590333,100,1,0.5,9.167671203613281,15.007972717285156,35.996437072753906,neutral,32.27067031290433
1787848363.4293907,101,1,0.5,9.207487106323242,14.977216720581055,35.132408142089844,neutral,31.728831201840954
1787848363.491874,102,1,0.5,9.359359741210938,14.464616775512695,35.41111946105957,neutral,31.187206587751717
1787848363.5552669,103,1,0.5,9.291410446166992,14.043569564819336,34.27457809448242,neutral,30.6957491591116
1787848363.6257207,104,1,0.5,9.328842163085938,14.41812515258789,35.141706466674805,neutral,30.188625648587355
1787848363.6893468,105,1,0.5,9.22846794128418,14.65749740600586,34.97648239135742,neutral,29.709745351016853
1787848363.7577963,106,1,0.5,9.386301040649414,15.167474746704102,36.64755821228027,neutral,29.203499895560146
1787848363.8219311,107,1,0.5,9.21010971069336,14.552831649780273,35.29787063598633,neutral,28.74889017952246
1787848363.8909178,108,1,0.5,9.4146728515625,15.386581420898438,37.651777267456055,neutral,28.709468098796123
1787848363.9564393,109,1,0.5,9.587764739990234,14.956951141357422,35.63261032104492,neutral,28.26062211984672
1787848364.006621,110,0,,9.082317352294922,,19.029855728149414,,28.24651933237808
1787848364.090374,111,1,0.5,9.265899658203125,15.467643737792969,37.164926528930664,neutral,28.210125315440862
1787848364.1415792,112,0,,9.381771087646484,,18.977880477905273,,28.662970044788626
1787848364.2372053,113,1,0.5,9.380578994750977,14.811038970947266,35.57181358337402,neutral,28.662499948747456
1787848364.2877839,114,1,0.5,9.35816764831543,14.760971069335938,35.51959991455078,neutral,28.70547289876887
1787848364.355744,115,1,0.5,9.334564208984375,14.764547348022461,36.39101982116699,neutral,28.775997316081487
1787848364.4226575,116,1,0.5,9.360074996948242,14.644384384155273,35.38870811462402,neutral,28.7989299713977
1787848364.4708338,117,0,,8.83340835571289,,18.16868782043457,,29.33194586641155
1787848364.5386105,118,0,,9.292840957641602,,19.537925720214844,,29.82284636090234
1787848364.6045694,119,0,,9.301185607910156,,18.936872482299805,,30.32414990930165
1787848364.6712742,120,0,,9.277820587158203,,18.680095672607422,,30.866502852037712
1787848364.7381024,121,0,,9.047508239746094,,19.566774368286133,,31.359141566467738
1787848364.80671,122,0,,9.418964385986328,,20.067691802978516,,31.88664160081538
1787848364.8761241,123,0,,9.361982345581055,,19.487857818603516,,32.4199582399779
1787848364.9383054,124,0,,9.462356567382812,,19.001483917236328,,33.03420059983366
1787848365.0048137,125,0,,9.315013885498047,,18.91303062438965,,33.69915865336331
1787848365.0896463,126,1,0.5,9.435892105102539,16.2808895111084,37.24312782287598,neutral,33.677512080818026
1787848365.1385865,127,0,,9.312152862548828,,20.468473434448242,,34.27255629626099
1787848365.203015,128,0,,9.37199592590332,,18.80621910095215,,34.95393149059296
1787848365.2891498,129,1,0.5,9.551763534545898,15.388250350952148,36.67736053466797,neutral,34.89337936270817
1787848365.3394904,130,0,,8.647441864013672,,19.287824630737305,,35.58493697154599
1787848365.4054582,131,0,,9.057998657226562,,18.956422805786133,,36.28107578193142
1787848365.478401,132,0,,9.310483932495117,,19.05679702758789,,37.01313691691327
1787848365.5384002,133,0,,9.23919677734375,,19.28234100341797,,37.710670848845176
1787848365.603241,134,0,,8.536815643310547,,18.04065704345703,,38.53912331840007
1787848365.6703072,135,0,,9.212732315063477,,17.71235466003418,,39.41323577317262
1787848365.7538967,136,1,0.5,9.196758270263672,15.508651733398438,36.524295806884766,neutral,39.4196193472331
1787848365.8197458,137,1,0.5,8.80742073059082,14.659881591796875,35.56418418884277,neutral,39.4058299615428
1787848365.8894439,138,1,0.5,9.076595306396484,15.420675277709961,36.876678466796875,neutral,39.44599046555874
1787848365.9530537,139,1,0.5,8.892536163330078,15.402078628540039,36.6826057434082,neutral,39.39160627026844
1787848366.0193326,140,1,0.5,9.005308151245117,14.923810958862305,35.761356353759766,neutral,38.54480179139774
1787848366.086749,141,1,0.69140625,8.831977844238281,14.467239379882812,34.973859786987305,neutral,38.653617178140266
1787848366.1574805,142,1,0.83203125,9.421825408935547,15.146493911743164,38.22898864746094,neutral,37.71805236440156
1787848366.2198608,143,1,0.83203125,8.971691131591797,14.456748962402344,35.607337951660156,neutral,37.71636781314276
1787848366.2875965,144,1,0.69140625,9.234428405761719,14.614582061767578,36.046743392944336,neutral,37.69138855231765
1787848366.352579,145,1,0.83203125,9.221553802490234,14.58597183227539,35.39299964904785,neutral,37.73870882506518
1787848366.418326,146,1,0.83203125,9.106636047363281,14.458417892456055,35.85219383239746,neutral,37.71671827785393
1787848366.4902878,147,1,0.83203125,8.96000862121582,14.978647232055664,36.0407829284668,neutral,36.88787625427865
1787848366.5508862,148,1,0.83203125,9.175777435302734,14.586925506591797,35.5989933013916,neutral,36.173499470603474
1787848366.6196423,149,1,0.83203125,9.051322937011719,14.998674392700195,36.12017631530762,neutral,35.439222139825226
1787848366.688512,150,1,0.83203125,9.10806655883789,14.931440353393555,35.69364547729492,neutral,34.74098965714603
1787848366.7744915,151,1,0.69140625,9.194374084472656,15.837907791137695,37.973880767822266,neutral,34.015905378730004
1787848366.8192916,152,1,0.69140625,9.05299186706543,14.303922653198242,35.593271255493164,neutral,33.427452251381084
1787848366.888853,153,1,0.69140625,8.999824523925781,15.075922012329102,36.47136688232422,neutral,32.80662467451914
1787848366.9524438,154,1,0.5,9.131908416748047,14.394283294677734,35.62331199645996,neutral,32.220948705263446
1787848367.016972,155,1,0.5,9.044647216796875,14.550924301147461,35.257816314697266,neutral,31.66507413272749
1787848367.0876286,156,1,0.5,8.845806121826172,14.250993728637695,34.932851791381836,neutral,31.74247823128857
1787848367.1493433,157,1,0.5,9.190559387207031,14.266014099121094,35.239458084106445,neutral,31.254011721267805
1787848367.218868,158,1,0.5,9.3231201171875,14.992713928222656,36.71431541442871,neutral,30.681595571168607
1787848367.2912064,159,1,0.5,9.694576263427734,15.419960021972656,37.56880760192871,neutral,30.653648620929403
1787848367.3530922,160,1,0.5,9.12785530090332,14.716148376464844,36.573171615600586,neutral,30.12164124474609
1787848367.4182386,161,1,0.5,9.525537490844727,14.406442642211914,36.020517349243164,neutral,29.614251843637163
1787848367.4927828,162,1,0.5,9.537220001220703,15.393495559692383,37.131547927856445,neutral,29.095126676715804
1787848367.5675383,163,1,0.5,9.31859016418457,14.503002166748047,36.20100021362305,neutral,28.6254305617453
1787848367.619427,164,1,0.5,9.454488754272461,14.730691909790039,36.05937957763672,neutral,28.14158876404042
1787848367.6889117,165,1,0.69140625,9.444713592529297,15.142679214477539,36.600589752197266,neutral,27.65165223238714
1787848367.751501,166,1,0.5,9.486913681030273,14.801979064941406,36.08417510986328,neutral,27.662874197786426
1787848367.8180726,167,1,0.5,9.374380111694336,14.65296745300293,35.76493263244629,neutral,27.657754490267735
1787848367.8889575,168,1,0.5,9.207963943481445,14.907360076904297,36.18931770324707,neutral,27.675292189389797
1787848367.9505975,169,1,0.5,9.469747543334961,14.952898025512695,37.29605674743652,neutral,27.65963919778352
1787848368.0218701,170,1,0.5,8.874177932739258,15.878438949584961,37.314414978027344,neutral,27.620089953047934
1787848368.0970266,171,1,0.5,9.195327758789062,14.94741439819336,36.2851619720459,neutral,27.586785085536512
1787848368.1504722,172,1,0.5,9.103775024414062,15.08188247680664,36.833763122558594,neutral,27.622224202795916
1787848368.221183,173,1,0.5,9.091615676879883,15.757322311401367,39.12520408630371,neutral,27.533043493672913
1787848368.289531,174,1,0.5,9.359121322631836,14.673709869384766,36.65423393249512,neutral,27.517701399688278
1787848368.3518856,175,1,0.5,9.305238723754883,15.271186828613281,36.66996955871582,neutral,27.485507371423044
1787848368.4196959,176,1,0.5,9.271860122680664,15.545129776000977,37.459611892700195,neutral,27.445089262052814
1787848368.466285,177,0,,9.444713592529297,,18.97263526916504,,27.880429941703948
1787848368.5328128,178,0,,9.276390075683594,,19.491910934448242,,28.304116508593193
1787848368.6010723,179,0,,9.19961929321289,,18.564224243164062,,28.78082844443143
1787848368.666325,180,0,,9.194374084472656,,17.79770851135254,,29.283588508595468
1787848368.7502162,181,1,0.5,9.12332534790039,15.815258026123047,37.92428970336914,neutral,29.285006102346262
1787848368.798633,182,0,,9.239673614501953,,18.87202262878418,,29.770949236899675
1787848368.8650544,183,0,,9.097099304199219,,19.34027671813965,,30.285817025980805
1787848368.931442,184,0,,9.472131729125977,,19.080162048339844,,30.80020385114167
1787848369.0240097,185,0,,8.757829666137695,,20.39051055908203,,31.277621343005777
1787848369.1095102,186,0,,8.81505012512207,,19.167661666870117,,31.800309943359014
1787848369.1466906,187,0,,8.898019790649414,,18.96071434020996,,32.35867955708185
1787848369.2085233,188,0,,9.141206741333008,,18.965959548950195,,32.99023735937823
1787848369.3142607,189,0,,8.963346481323242,,18.677949905395508,,33.69010880618426
1787848369.337449,190,0,,9.112358093261719,,18.14103126525879,,34.402212605684404
1787848369.400724,191,0,,9.095191955566406,,18.795013427734375,,35.09545959252389
1787848369.4966242,192,0,,9.153604507446289,,19.145965576171875,,35.84975307002873
1787848369.5735347,193,0,,9.534835815429688,,19.316434860229492,,36.58798580900781
1787848369.612286,194,0,,9.428977966308594,,19.052743911743164,,37.36294121419867
1787848369.6642232,195,0,,9.370088577270508,,18.512964248657227,,38.22400951186964
1787848369.7583776,196,0,,9.344100952148438,,19.702434539794922,,39.03884893693396
1787848369.7992225,197,0,,9.531259536743164,,19.13166046142578,,39.90253097280026
1787848369.934256,198,0,,9.241819381713867,,18.88871192932129,,40.842365478595504
1787848369.9533973,199,0,,9.551763534545898,,18.862485885620117,,41.89371713036518
1787848369.9972165,200,0,,9.294509887695312,,18.373727798461914,,43.031904979636394
1787848370.1084404,201,0,,9.355783462524414,,19.304275512695312,,44.1062145926237
1787848370.133481,202,0,,9.215831756591797,,18.372774124145508,,45.336720189808084
1787848370.1985588,203,0,,9.168863296508789,,18.503427505493164,,46.79504682326611
1787848370.2873914,204,0,,9.155988693237305,,18.821001052856445,,48.1339850191822
1787848370.357483,205,0,,9.343624114990234,,22.2625732421875,,49.27298828294789
1787848370.3982987,206,0,,9.420394897460938,,18.7833309173584,,50.83224393830442
1787848370.5800922,207,1,0.5,9.043693542480469,14.890670776367188,36.72194480895996,neutral,49.348120224674155
1787848370.6153748,208,1,0.5,9.05299186706543,14.532327651977539,34.41667556762695,neutral,48.16563920495325
1787848370.651028,209,1,0.5,8.956193923950195,14.739036560058594,35.10594367980957,neutral,46.919546007429325
1787848370.7956817,210,1,0.5,8.787870407104492,15.783071517944336,38.25068473815918,neutral,45.465198627543366
1787848370.8321369,211,0,,8.881568908691406,,19.049406051635742,,46.80402838092935
1787848370.9544291,212,0,,9.473562240600586,,20.674467086791992,,46.6727819331339
1787848370.9939134,213,1,0.69140625,8.638143539428711,14.818429946899414,35.906314849853516,neutral,45.50011788239821
1787848371.0286694,214,1,0.5,8.713722229003906,14.576911926269531,34.33585166931152,neutral,44.47115080466026
1787848371.0829556,215,1,0.5,9.264230728149414,15.735626220703125,38.89656066894531,neutral,43.283754289105026
1787848371.246736,216,1,0.5,9.469747543334961,15.230655670166016,39.22629356384277,neutral,42.06633643208244
1787848371.2653153,217,0,,9.185075759887695,,17.969846725463867,,42.12486495878376
1787848371.3973372,218,1,0.5,9.203672409057617,15.068292617797852,36.46516799926758,neutral,41.11460805738245
1787848371.4162014,219,0,,9.358882904052734,,18.44620704650879,,41.12767022849665
1787848371.4350216,220,0,,9.425640106201172,,18.373489379882812,,41.11456775488318
1787848371.4804938,221,1,0.5,9.589672088623047,14.619588851928711,36.16976737976074,neutral,40.15832377480032
1787848371.603486,222,1,0.5,9.53984260559082,15.217781066894531,38.62476348876953,neutral,39.13782345772631
1787848371.6392245,223,1,0.5,9.408950805664062,14.158964157104492,34.97767448425293,neutral,38.35418753356739
1787848371.6630003,224,0,,8.655309677124023,,17.880678176879883,,38.411745779196394
1787848371.7919276,225,0,,8.983135223388672,,17.9593563079834,,38.43899267934147
1787848371.8818161,226,1,0.5,9.313583374023438,15.629291534423828,37.48345375061035,neutral,37.58275177677786
1787848371.9179673,227,1,0.5,8.992195129394531,14.465570449829102,35.66575050354004,neutral,36.82008916709877
1787848371.9956114,228,0,,8.98289680480957,,18.622875213623047,,36.83210641722641
1787848372.0324051,229,1,0.5,9.122610092163086,14.683246612548828,36.33522987365723,neutral,36.05858019959451
1787848372.0775273,230,1,0.5,8.942365646362305,14.823675155639648,35.54868698120117,neutral,35.32926102001004
1787848372.2201269,231,1,0.5,9.247779846191406,15.297889709472656,38.60950469970703,neutral,34.543917175279965
1787848372.255849,232,1,0.5,9.009599685668945,14.296531677246094,35.21561622619629,neutral,33.88672066460772
1787848372.290366,233,1,0.5,8.952140808105469,14.18614387512207,34.069061279296875,neutral,33.30120960218498
1787848372.424273,234,1,0.5,9.28354263305664,15.080451965332031,37.84918785095215,neutral,32.612369357169236
1787848372.463014,235,1,0.5,8.52513313293457,16.435861587524414,38.21873664855957,neutral,32.0563327176613
1787848372.4802847,236,0,,8.728742599487305,,16.799449920654297,,32.124432176329975
1787848372.532199,237,0,,9.513139724731445,,18.313884735107422,,32.77038950756826
1787848372.5967624,238,0,,9.231328964233398,,18.263578414916992,,33.3590016248808
1787848372.6691105,239,0,,9.32455062866211,,18.977880477905273,,33.96818258019076
1787848372.7322245,240,0,,9.421825408935547,,18.777847290039062,,34.734017768218166
1787848372.7964804,241,0,,9.240865707397461,,18.81718635559082,,34.74335901022566
1787848372.8609903,242,0,,9.487152099609375,,19.024372100830078,,34.80988050912469
1787848372.93398,243,0,,9.302377700805664,,18.805980682373047,,35.514561128345264
1787848372.99633,244,0,,9.362220764160156,,19.26279067993164,,36.159788126241445
1787848373.0704312,245,0,,9.173870086669922,,18.941640853881836,,37.05094444792882
1787848373.1319098,246,0,,8.568763732910156,,17.757654190063477,,38.06008653792348
1787848373.1940694,247,0,,9.258031845092773,,19.84429359436035,,37.969792333989254
1787848373.2818043,248,1,0.5,9.493350982666016,16.756296157836914,41.08834266662598,neutral,37.748909644984366
1787848373.33241,249,0,,9.287118911743164,,19.579648971557617,,37.69514857678325
1787848373.393754,250,0,,9.3231201171875,,18.355846405029297,,37.695984239655026
1787848373.479974,251,1,0.5,9.410381317138672,15.299558639526367,37.23859786987305,neutral,37.645425658365745
1787848373.547535,252,1,0.69140625,9.368896484375,14.82844352722168,36.83280944824219,neutral,37.73026703428672
1787848373.609987,253,1,0.5,9.148836135864258,14.43028450012207,35.90559959411621,neutral,37.686286055377636
1787848373.6791148,254,1,0.5,9.317398071289062,14.78433609008789,36.70144081115723,neutral,36.81585535946108
1787848373.743196,255,1,0.69140625,9.083986282348633,14.037609100341797,34.850358963012695,neutral,36.068213342551815
1787848373.8121495,256,1,0.5,9.350776672363281,14.566659927368164,36.81540489196777,neutral,36.09720581059205
1787848373.8761027,257,1,0.5,8.928537368774414,14.400482177734375,35.37130355834961,neutral,36.10999923664254
1787848373.946008,258,1,0.5,9.234428405761719,14.750957489013672,37.04833984375,neutral,35.326523461714686
1787848374.0113175,259,1,0.5,9.310245513916016,14.800310134887695,36.28110885620117,neutral,35.32877497324984
1787848374.078351,260,1,0.5,9.410858154296875,14.740228652954102,36.2699031829834,neutral,35.29879490086925
1787848374.1271927,261,0,,9.380340576171875,,18.977880477905273,,36.13344456106446
1787848374.2095885,262,1,0.5,9.323596954345703,15.167713165283203,36.374807357788086,neutral,36.083065903457985
1787848374.2769663,263,1,0.5,9.323835372924805,14.576435089111328,36.2246036529541,neutral,35.98975816360853
1787848374.3370616,264,0,,9.26518440246582,,18.786191940307617,,36.8320740732935
1787848374.3915982,265,0,,9.394645690917969,,18.438339233398438,,37.748807722734675
1787848374.4617107,266,0,,9.214162826538086,,18.723011016845703,,37.657660946999684
1787848374.5429986,267,1,0.5,9.014129638671875,15.22517204284668,37.83702850341797,neutral,36.75687739335451
1787848374.609709,268,1,0.5,9.269475936889648,14.496803283691406,36.24892234802246,neutral,35.96436064991824
1787848374.6766577,269,1,0.5,9.407520294189453,15.343189239501953,36.460161209106445,neutral,35.22609330290817
1787848374.7262619,270,0,,9.131908416748047,,18.987655639648438,,35.21741722393681
1787848374.7923207,271,0,,8.902549743652344,,18.75019073486328,,35.220187189200594
1787848374.8563576,272,0,,9.39321517944336,,19.05679702758789,,35.21884651103427
1787848374.925334,273,0,,9.492635726928711,,19.107580184936523,,35.206381120764355
1787848374.990178,274,0,,9.439945220947266,,18.890380859375,,35.22177444750581
1787848375.0588644,275,0,,9.135007858276367,,18.64910125732422,,35.23387583185066
1787848375.1241374,276,0,,9.339332580566406,,19.068479537963867,,35.17971612233669
1787848375.193446,277,0,,9.168148040771484,,19.13905143737793,,35.20883408500882
1787848375.2757394,278,1,0.5,9.216785430908203,15.491485595703125,37.16778755187988,neutral,35.371588401478625
1787848375.3254023,279,0,,9.319305419921875,,19.372940063476562,,35.38021129301054
1787848375.4079964,280,1,0.5,9.139537811279297,15.209197998046875,36.56911849975586,neutral,34.636237140006195
1787848375.4578762,281,0,,9.017705917358398,,19.43230628967285,,35.36323805080673
1787848375.5422003,282,1,0.5,9.072065353393555,14.808416366577148,35.614728927612305,neutral,35.41408709792994
1787848375.6182141,283,1,0.5,9.192943572998047,14.823675155639648,36.61680221557617,neutral,35.38438003365519
1787848375.6746361,284,1,0.5,9.438753128051758,15.039205551147461,36.44108772277832,neutral,35.39524924528238
1787848375.7233827,285,0,,8.81505012512207,,18.44477653503418,,36.0938820399052
1787848375.8105166,286,1,0.5,9.00721549987793,14.632701873779297,35.80117225646973,neutral,36.13797952157265
1787848375.8560424,287,0,,9.088516235351562,,18.71180534362793,,36.87804895204707
1787848375.9405894,288,1,0.5,9.218692779541016,15.88582992553711,37.54782676696777,neutral,36.85541959762493
1787848375.9930298,289,0,,9.239673614501953,,19.544601440429688,,37.62911304961527
1787848376.073973,290,1,0.5,9.215116500854492,15.14124870300293,36.614179611206055,neutral,37.612870788139084
1787848376.1213257,291,0,,8.7127685546875,,18.891096115112305,,37.61696377589305
1787848376.2134717,292,1,0.5,8.971452713012695,16.93105697631836,39.986610412597656,neutral,37.44737079406064
1787848376.2766175,293,1,0.5,8.997440338134766,14.760255813598633,36.43488883972168,neutral,37.437543903808375
1787848376.3406224,294,1,0.5,9.060859680175781,14.23192024230957,35.201072692871094,neutral,36.68605115615953
1787848376.4087083,295,1,0.5,9.114265441894531,14.252424240112305,35.49981117248535,neutral,35.9362789883394
1787848376.4727147,296,1,0.5,9.01484489440918,14.689445495605469,35.63714027404785,neutral,35.22263221805881
1787848376.539993,297,1,0.5,9.07135009765625,14.674186706542969,36.305904388427734,neutral,35.28606506164378
1787848376.6236267,298,1,0.5,8.892297744750977,15.326738357543945,37.69063949584961,neutral,35.22632998312719
1787848376.6751885,299,1,0.5,9.063959121704102,14.5721435546875,36.063432693481445,neutral,35.242747569919516
1787848376.7377057,300,1,0.5,8.723974227905273,13.81373405456543,34.71088409423828,neutral,34.60358501478012
1787848376.8115492,301,1,0.5,8.958101272583008,15.316009521484375,37.3380184173584,neutral,33.87725057925307
1787848376.8734066,302,1,0.69140625,9.168386459350586,14.882087707519531,36.10420227050781,neutral,33.23740915977947
1787848376.9401472,303,1,0.5,8.800745010375977,14.366626739501953,35.43972969055176,neutral,32.64668017549367
1787848377.009534,304,1,0.5,8.888006210327148,14.755487442016602,35.785675048828125,neutral,32.05728008266724
1787848377.0741804,305,1,0.5,9.428262710571289,14.735937118530273,36.362648010253906,neutral,31.46176330127043
1787848377.1409032,306,1,0.5,9.424686431884766,15.299558639526367,37.511348724365234,neutral,30.864791741531622
1787848377.214654,307,1,0.5,9.447336196899414,15.775442123413086,38.39302062988281,neutral,30.265267314196706
1787848377.2755432,308,1,0.5,9.581565856933594,14.966011047363281,37.76407241821289,neutral,30.247071965361897
1787848377.3407114,309,1,0.5,9.402036666870117,14.667034149169922,36.36932373046875,neutral,29.737479767004757
1787848377.4096234,310,1,0.5,9.342193603515625,14.292716979980469,36.23318672180176,neutral,29.747385412780663
1787848377.4702666,311,1,0.5,9.261846542358398,14.299154281616211,35.81714630126953,neutral,29.271810070382642
1787848377.5402045,312,1,0.5,9.181976318359375,15.245199203491211,37.32013702392578,neutral,29.223182322997967
1787848377.6101685,313,1,0.5,9.471416473388672,14.643430709838867,36.054134368896484,neutral,29.23920827951977
1787848377.673508,314,1,0.5,9.368896484375,14.683961868286133,37.004709243774414,neutral,29.223155175272808
1787848377.74083,315,1,0.5,8.73422622680664,14.81938362121582,36.3614559173584,neutral,28.721879957543454
1787848377.8112624,316,1,0.5,9.30023193359375,14.908552169799805,37.053823471069336,neutral,28.68747554833291
1787848377.8738244,317,1,0.5,9.282588958740234,14.725923538208008,35.688161849975586,neutral,28.229213031429925
1787848377.9462287,318,1,0.5,9.177684783935547,14.664649963378906,36.35120391845703,neutral,28.26103469395868
1787848378.0085201,319,1,0.5,9.316205978393555,14.17088508605957,35.639286041259766,neutral,27.838947586171802
1787848378.069842,320,1,0.5,9.34290885925293,14.003515243530273,34.82842445373535,neutral,27.885156585013977
1787848378.1406627,321,1,0.5,9.230613708496094,17.178773880004883,39.66999053955078,neutral,27.3567851519646
1787848378.2054625,322,1,0.5,8.776426315307617,11.365413665771484,30.762434005737305,neutral,27.588847651620778
1787848378.2768729,323,1,0.5,8.940935134887695,16.325950622558594,40.29440879821777,neutral,27.49127223016886
1787848378.340721,324,1,0.5,8.847713470458984,15.979528427124023,37.50157356262207,neutral,27.433439160914173
1787848378.4060137,325,1,0.5,9.248971939086914,14.851808547973633,36.92054748535156,neutral,27.39784417108585
1787848378.471402,326,1,0.5,8.978605270385742,14.842510223388672,36.25893592834473,neutral,27.382294805988675
1787848378.53684,327,1,0.5,9.167909622192383,15.01774787902832,36.78631782531738,neutral,27.370293094537477
1787848378.6026692,328,1,0.5,9.195327758789062,14.800548553466797,36.26370429992676,neutral,27.405971681677293
1787848378.6701329,329,1,0.5,9.118795394897461,14.537334442138672,36.01574897766113,neutral,27.407165554769737
1787848378.7382762,330,1,0.5,9.29117202758789,15.88749885559082,38.0396842956543,neutral,27.324070344283957
1787848378.8046641,331,1,0.5,9.144783020019531,14.971256256103516,36.47613525390625,neutral,27.345536732986343
1787848378.8704102,332,1,0.5,9.172916412353516,14.479398727416992,36.11874580383301,neutral,27.345174226466046
1787848378.9382813,333,1,0.5,9.284257888793945,15.045642852783203,37.41908073425293,neutral,27.29592718836968
1787848379.0037103,334,1,0.5,9.339332580566406,14.998674392700195,37.37497329711914,neutral,27.256513026486203
1787848379.074797,335,1,0.5,9.180307388305664,14.396190643310547,35.753726959228516,neutral,27.27160064370357
1787848379.1375642,336,1,0.5,9.273052215576172,14.824151992797852,36.910295486450195,neutral,27.2865097050703
1787848379.2031562,337,1,0.5,9.134054183959961,14.806509017944336,36.05318069458008,neutral,27.344704765092064
1787848379.2750204,338,1,0.5,8.888959884643555,15.123844146728516,37.339210510253906,neutral,27.355298308103293
1787848379.318239,339,0,,9.26351547241211,,19.202232360839844,,27.79031954563404
1787848379.419781,340,1,0.5,9.582757949829102,15.749454498291016,37.598371505737305,neutral,27.75521944268594
1787848379.4740338,341,1,0.5,8.973836898803711,14.678001403808594,36.409854888916016,neutral,27.740007971753187
1787848379.5366402,342,1,0.5,9.176015853881836,14.358758926391602,35.486698150634766,neutral,27.78711603360712
1787848379.6024158,343,1,0.5,9.273290634155273,14.904022216796875,37.053823471069336,neutral,27.76141037687873
1787848379.6520033,344,0,,9.059429168701172,,18.639802932739258,,28.24135880871491
1787848379.7396183,345,1,0.5,9.191274642944336,15.018463134765625,36.84711456298828,neutral,28.228453079823616
1787848379.803093,346,1,0.5,9.099721908569336,15.186309814453125,36.795616149902344,neutral,28.23531312514796
1787848379.850336,347,0,,8.997201919555664,,18.179893493652344,,28.70838077029256
1787848379.9338624,348,1,0.5,9.127616882324219,14.645576477050781,35.62617301940918,neutral,28.728312917283205
1787848380.0033631,349,1,0.5,9.074687957763672,15.488862991333008,37.36996650695801,neutral,28.680779754323233
1787848380.0712266,350,1,0.5,9.270429611206055,15.314102172851562,38.16056251525879,neutral,28.58970409006263
1787848380.135594,351,1,0.5,8.793354034423828,14.719486236572266,36.337852478027344,neutral,28.680779754323233
1787848380.2164814,352,1,0.5,9.005546569824219,16.131162643432617,38.94805908203125,neutral,28.458076231448576
1787848380.2706544,353,1,0.5,8.977651596069336,15.182256698608398,37.265777587890625,neutral,28.54007092085978
1787848380.3388848,354,1,0.5,9.476661682128906,14.850854873657227,36.78607940673828,neutral,28.55951066954738
1787848380.404953,355,1,0.5,9.430885314941406,14.740228652954102,36.481380462646484,neutral,28.57145581929217
1787848380.469267,356,1,0.5,9.366750717163086,14.487028121948242,36.46707534790039,neutral,28.565793273290943
1787848380.535374,357,1,0.5,9.209871292114258,14.685392379760742,36.09061241149902,neutral,28.58472910992124
1787848380.606267,358,1,0.5,9.432792663574219,14.742851257324219,36.71717643737793,neutral,28.572383575181114
1787848380.6737309,359,1,0.5,9.147167205810547,14.308929443359375,35.51936149597168,neutral,28.585898009673336
1787848380.735858,360,1,0.5,9.154558181762695,15.551328659057617,37.71829605102539,neutral,28.594654809675937
1787848380.7990177,361,1,0.5,9.07754898071289,14.445304870605469,35.318851470947266,neutral,28.62623157584378
1787848380.868405,362,1,0.5,9.296417236328125,14.545202255249023,36.179304122924805,neutral,28.62457749846332
1787848380.9354734,363,1,0.5,9.358406066894531,14.748334884643555,36.70454025268555,neutral,28.644106495904136
1787848381.00119,364,1,0.5,9.118080139160156,15.332937240600586,37.9788875579834,neutral,28.62759926450012
1787848381.0706646,365,1,0.5,9.332656860351562,14.228582382202148,35.550594329833984,neutral,28.63314951373595
1787848381.1309843,366,1,0.5,9.16290283203125,13.899803161621094,34.50918197631836,neutral,28.698919249940985
1787848381.20242,367,1,0.5,9.510040283203125,14.686346054077148,36.23628616333008,neutral,28.69389310418193
1787848381.2732553,368,1,0.5,9.314298629760742,16.0825252532959,39.89982604980469,neutral,28.623789599684983
1787848381.3358974,369,1,0.5,9.242534637451172,15.656232833862305,39.60704803466797,neutral,28.07716174794106
1787848381.4029543,370,1,0.5,9.214401245117188,14.797210693359375,36.91220283508301,neutral,28.095204177848373
1787848381.470149,371,1,0.5,9.32765007019043,14.692068099975586,36.47637367248535,neutral,28.093454087879564
1787848381.533783,372,1,0.5,9.30333137512207,14.949560165405273,36.812782287597656,neutral,28.058610639735445
1787848381.5822625,373,0,,9.419918060302734,,19.219398498535156,,28.534576106757207
1787848381.6708896,374,1,0.5,9.334564208984375,14.888286590576172,36.56816482543945,neutral,28.056145683385864
1787848381.7358909,375,1,0.5,8.912801742553711,14.980316162109375,36.74435615539551,neutral,28.058842142655337
1787848381.801481,376,1,0.5,9.210348129272461,14.201641082763672,36.62872314453125,neutral,28.063222647533674
1787848381.8513958,377,0,,8.84699821472168,,18.33367347717285,,28.059186275677245
1787848381.9421744,378,1,0.5,9.529352188110352,15.066862106323242,37.05906867980957,neutral,28.021631791000768
1787848381.9985657,379,1,0.5,9.376764297485352,14.727115631103516,37.052154541015625,neutral,28.029952585097888
1787848382.0696418,380,1,0.5,9.212732315063477,14.272689819335938,35.63356399536133,neutral,28.096289468607317
1787848382.131106,381,1,0.5,8.972406387329102,14.309883117675781,34.97648239135742,neutral,28.132157451753784
1787848382.1990666,382,1,0.5,8.996725082397461,14.482736587524414,35.77089309692383,neutral,28.216223488942607
1787848382.2721567,383,1,0.5,9.434700012207031,15.239715576171875,38.10906410217285,neutral,28.193861658432663
1787848382.333202,384,1,0.5,9.314298629760742,14.381647109985352,36.16809844970703,neutral,28.21024548219276
1787848382.3997126,385,1,0.5,9.101152420043945,14.640331268310547,36.38505935668945,neutral,28.21280084914779
1787848382.4691389,386,1,0.5,8.936166763305664,14.212369918823242,35.103559494018555,neutral,28.249024197390288
1787848382.530265,387,1,0.5,9.353876113891602,13.902664184570312,35.04633903503418,neutral,28.276829467255684
1787848382.599682,388,1,0.5,9.098291397094727,14.542102813720703,36.25917434692383,neutral,28.289041702291446
1787848382.6688883,389,1,0.5,9.248018264770508,14.269351959228516,35.593271255493164,neutral,28.287070247877217
1787848382.7321396,390,1,0.5,9.118318557739258,15.046119689941406,36.809682846069336,neutral,28.311325509395925
1787848382.7967696,391,1,0.5,8.55255126953125,13.759613037109375,34.51418876647949,neutral,28.332840588096882
1787848382.8696606,392,1,0.5,9.102344512939453,14.385700225830078,35.48002243041992,neutral,28.351564563067857
1787848382.932993,393,1,0.5,9.064197540283203,14.868974685668945,36.321401596069336,neutral,28.36183398642869
1787848382.9974601,394,1,0.5,9.117841720581055,14.665842056274414,35.69316864013672,neutral,28.423253966927327
1787848383.0513458,395,0,,9.43303108215332,,19.21391487121582,,28.87010701264232
1787848383.1260157,396,0,,9.207725524902344,,18.604755401611328,,29.3188441355727
1787848383.1802845,397,0,,9.228229522705078,,18.570899963378906,,29.833905333651046
1787848383.2449262,398,0,,8.880138397216797,,18.42641830444336,,30.484895661850054
1787848383.313442,399,0,,9.185314178466797,,18.375396728515625,,31.157104664387127
1787848383.3784862,400,0,,9.327411651611328,,18.344879150390625,,31.769735347139115
1787848383.4442055,401,0,,9.357929229736328,,18.72110366821289,,32.37853846017268
1787848383.510948,402,0,,8.93855094909668,,18.511295318603516,,33.03098339986565
1787848383.579285,403,0,,9.552240371704102,,19.031047821044922,,33.03783479496733
1787848383.6457393,404,0,,9.560585021972656,,19.112348556518555,,33.68538280279979
1787848383.7126603,405,0,,9.460687637329102,,19.136905670166016,,34.364790413732244
1787848383.778234,406,0,,9.105205535888672,,19.025087356567383,,35.0720119875041
1787848383.8469443,407,0,,9.664297103881836,,19.822359085083008,,35.01107963872921
1787848383.9133005,408,0,,9.472846984863281,,19.01865005493164,,35.76404941800232
1787848383.9803748,409,0,,9.693384170532227,,19.229650497436523,,36.54041747493873
1787848384.148626,410,0,,8.858919143676758,,18.983840942382812,,37.296781066393656
1787848384.166744,411,0,,9.073495864868164,,17.905712127685547,,38.10548719219073
1787848384.2895162,412,0,,9.230852127075195,,19.076108932495117,,38.93103654184288
1787848384.3081653,413,0,,9.110450744628906,,18.365859985351562,,39.954707309003226
1787848384.3600054,414,0,,9.208440780639648,,18.770694732666016,,40.90242770267371
1787848384.406359,415,0,,9.312152862548828,,18.991708755493164,,41.895962903017974
